filename, language, Python, Jupyter, YAML, JSON, comment, blank, total
/home/julius/projects/curious/.mypy_cache/3.7/@plugins_snapshot.json, JSON, 0, 0, 0, 1, 0, 0, 1
/home/julius/projects/curious/.mypy_cache/3.7/__future__.data.json, JSON, 0, 0, 0, 1, 0, 0, 1
/home/julius/projects/curious/.mypy_cache/3.7/__future__.meta.json, JSON, 0, 0, 0, 1, 0, 0, 1
/home/julius/projects/curious/.mypy_cache/3.7/_ast.data.json, JSON, 0, 0, 0, 1, 0, 0, 1
/home/julius/projects/curious/.mypy_cache/3.7/_ast.meta.json, JSON, 0, 0, 0, 1, 0, 0, 1
/home/julius/projects/curious/.mypy_cache/3.7/_dummy_thread.data.json, JSON, 0, 0, 0, 1, 0, 0, 1
/home/julius/projects/curious/.mypy_cache/3.7/_dummy_thread.meta.json, JSON, 0, 0, 0, 1, 0, 0, 1
/home/julius/projects/curious/.mypy_cache/3.7/_importlib_modulespec.data.json, JSON, 0, 0, 0, 1, 0, 0, 1
/home/julius/projects/curious/.mypy_cache/3.7/_importlib_modulespec.meta.json, JSON, 0, 0, 0, 1, 0, 0, 1
/home/julius/projects/curious/.mypy_cache/3.7/_markupbase.data.json, JSON, 0, 0, 0, 1, 0, 0, 1
/home/julius/projects/curious/.mypy_cache/3.7/_markupbase.meta.json, JSON, 0, 0, 0, 1, 0, 0, 1
/home/julius/projects/curious/.mypy_cache/3.7/_random.data.json, JSON, 0, 0, 0, 1, 0, 0, 1
/home/julius/projects/curious/.mypy_cache/3.7/_random.meta.json, JSON, 0, 0, 0, 1, 0, 0, 1
/home/julius/projects/curious/.mypy_cache/3.7/_thread.data.json, JSON, 0, 0, 0, 1, 0, 0, 1
/home/julius/projects/curious/.mypy_cache/3.7/_thread.meta.json, JSON, 0, 0, 0, 1, 0, 0, 1
/home/julius/projects/curious/.mypy_cache/3.7/_warnings.data.json, JSON, 0, 0, 0, 1, 0, 0, 1
/home/julius/projects/curious/.mypy_cache/3.7/_warnings.meta.json, JSON, 0, 0, 0, 1, 0, 0, 1
/home/julius/projects/curious/.mypy_cache/3.7/_weakref.data.json, JSON, 0, 0, 0, 1, 0, 0, 1
/home/julius/projects/curious/.mypy_cache/3.7/_weakref.meta.json, JSON, 0, 0, 0, 1, 0, 0, 1
/home/julius/projects/curious/.mypy_cache/3.7/_weakrefset.data.json, JSON, 0, 0, 0, 1, 0, 0, 1
/home/julius/projects/curious/.mypy_cache/3.7/_weakrefset.meta.json, JSON, 0, 0, 0, 1, 0, 0, 1
/home/julius/projects/curious/.mypy_cache/3.7/abc.data.json, JSON, 0, 0, 0, 1, 0, 0, 1
/home/julius/projects/curious/.mypy_cache/3.7/abc.meta.json, JSON, 0, 0, 0, 1, 0, 0, 1
/home/julius/projects/curious/.mypy_cache/3.7/agent.data.json, JSON, 0, 0, 0, 1, 0, 0, 1
/home/julius/projects/curious/.mypy_cache/3.7/agent.meta.json, JSON, 0, 0, 0, 1, 0, 0, 1
/home/julius/projects/curious/.mypy_cache/3.7/algo/__init__.data.json, JSON, 0, 0, 0, 1, 0, 0, 1
/home/julius/projects/curious/.mypy_cache/3.7/algo/__init__.meta.json, JSON, 0, 0, 0, 1, 0, 0, 1
/home/julius/projects/curious/.mypy_cache/3.7/algo/models.data.json, JSON, 0, 0, 0, 1, 0, 0, 1
/home/julius/projects/curious/.mypy_cache/3.7/algo/models.meta.json, JSON, 0, 0, 0, 1, 0, 0, 1
/home/julius/projects/curious/.mypy_cache/3.7/algo/ppo_cont.data.json, JSON, 0, 0, 0, 1, 0, 0, 1
/home/julius/projects/curious/.mypy_cache/3.7/algo/ppo_cont.meta.json, JSON, 0, 0, 0, 1, 0, 0, 1
/home/julius/projects/curious/.mypy_cache/3.7/array.data.json, JSON, 0, 0, 0, 1, 0, 0, 1
/home/julius/projects/curious/.mypy_cache/3.7/array.meta.json, JSON, 0, 0, 0, 1, 0, 0, 1
/home/julius/projects/curious/.mypy_cache/3.7/ast.data.json, JSON, 0, 0, 0, 1, 0, 0, 1
/home/julius/projects/curious/.mypy_cache/3.7/ast.meta.json, JSON, 0, 0, 0, 1, 0, 0, 1
/home/julius/projects/curious/.mypy_cache/3.7/builtins.data.json, JSON, 0, 0, 0, 1, 0, 0, 1
/home/julius/projects/curious/.mypy_cache/3.7/builtins.meta.json, JSON, 0, 0, 0, 1, 0, 0, 1
/home/julius/projects/curious/.mypy_cache/3.7/codecs.data.json, JSON, 0, 0, 0, 1, 0, 0, 1
/home/julius/projects/curious/.mypy_cache/3.7/codecs.meta.json, JSON, 0, 0, 0, 1, 0, 0, 1
/home/julius/projects/curious/.mypy_cache/3.7/collections/__init__.data.json, JSON, 0, 0, 0, 1, 0, 0, 1
/home/julius/projects/curious/.mypy_cache/3.7/collections/__init__.meta.json, JSON, 0, 0, 0, 1, 0, 0, 1
/home/julius/projects/curious/.mypy_cache/3.7/collections/abc.data.json, JSON, 0, 0, 0, 1, 0, 0, 1
/home/julius/projects/curious/.mypy_cache/3.7/collections/abc.meta.json, JSON, 0, 0, 0, 1, 0, 0, 1
/home/julius/projects/curious/.mypy_cache/3.7/configparser.data.json, JSON, 0, 0, 0, 1, 0, 0, 1
/home/julius/projects/curious/.mypy_cache/3.7/configparser.meta.json, JSON, 0, 0, 0, 1, 0, 0, 1
/home/julius/projects/curious/.mypy_cache/3.7/contextlib.data.json, JSON, 0, 0, 0, 1, 0, 0, 1
/home/julius/projects/curious/.mypy_cache/3.7/contextlib.meta.json, JSON, 0, 0, 0, 1, 0, 0, 1
/home/julius/projects/curious/.mypy_cache/3.7/copy.data.json, JSON, 0, 0, 0, 1, 0, 0, 1
/home/julius/projects/curious/.mypy_cache/3.7/copy.meta.json, JSON, 0, 0, 0, 1, 0, 0, 1
/home/julius/projects/curious/.mypy_cache/3.7/copyreg.data.json, JSON, 0, 0, 0, 1, 0, 0, 1
/home/julius/projects/curious/.mypy_cache/3.7/copyreg.meta.json, JSON, 0, 0, 0, 1, 0, 0, 1
/home/julius/projects/curious/.mypy_cache/3.7/ctypes/__init__.data.json, JSON, 0, 0, 0, 1, 0, 0, 1
/home/julius/projects/curious/.mypy_cache/3.7/ctypes/__init__.meta.json, JSON, 0, 0, 0, 1, 0, 0, 1
/home/julius/projects/curious/.mypy_cache/3.7/curious/__init__.data.json, JSON, 0, 0, 0, 1, 0, 0, 1
/home/julius/projects/curious/.mypy_cache/3.7/curious/__init__.meta.json, JSON, 0, 0, 0, 1, 0, 0, 1
/home/julius/projects/curious/.mypy_cache/3.7/curious/experiment.data.json, JSON, 0, 0, 0, 1, 0, 0, 1
/home/julius/projects/curious/.mypy_cache/3.7/curious/experiment.meta.json, JSON, 0, 0, 0, 1, 0, 0, 1
/home/julius/projects/curious/.mypy_cache/3.7/curious/logger.data.json, JSON, 0, 0, 0, 1, 0, 0, 1
/home/julius/projects/curious/.mypy_cache/3.7/curious/logger.meta.json, JSON, 0, 0, 0, 1, 0, 0, 1
/home/julius/projects/curious/.mypy_cache/3.7/datetime.data.json, JSON, 0, 0, 0, 1, 0, 0, 1
/home/julius/projects/curious/.mypy_cache/3.7/datetime.meta.json, JSON, 0, 0, 0, 1, 0, 0, 1
/home/julius/projects/curious/.mypy_cache/3.7/difflib.data.json, JSON, 0, 0, 0, 1, 0, 0, 1
/home/julius/projects/curious/.mypy_cache/3.7/difflib.meta.json, JSON, 0, 0, 0, 1, 0, 0, 1
/home/julius/projects/curious/.mypy_cache/3.7/email/__init__.data.json, JSON, 0, 0, 0, 1, 0, 0, 1
/home/julius/projects/curious/.mypy_cache/3.7/email/__init__.meta.json, JSON, 0, 0, 0, 1, 0, 0, 1
/home/julius/projects/curious/.mypy_cache/3.7/email/charset.data.json, JSON, 0, 0, 0, 1, 0, 0, 1
/home/julius/projects/curious/.mypy_cache/3.7/email/charset.meta.json, JSON, 0, 0, 0, 1, 0, 0, 1
/home/julius/projects/curious/.mypy_cache/3.7/email/contentmanager.data.json, JSON, 0, 0, 0, 1, 0, 0, 1
/home/julius/projects/curious/.mypy_cache/3.7/email/contentmanager.meta.json, JSON, 0, 0, 0, 1, 0, 0, 1
/home/julius/projects/curious/.mypy_cache/3.7/email/errors.data.json, JSON, 0, 0, 0, 1, 0, 0, 1
/home/julius/projects/curious/.mypy_cache/3.7/email/errors.meta.json, JSON, 0, 0, 0, 1, 0, 0, 1
/home/julius/projects/curious/.mypy_cache/3.7/email/header.data.json, JSON, 0, 0, 0, 1, 0, 0, 1
/home/julius/projects/curious/.mypy_cache/3.7/email/header.meta.json, JSON, 0, 0, 0, 1, 0, 0, 1
/home/julius/projects/curious/.mypy_cache/3.7/email/message.data.json, JSON, 0, 0, 0, 1, 0, 0, 1
/home/julius/projects/curious/.mypy_cache/3.7/email/message.meta.json, JSON, 0, 0, 0, 1, 0, 0, 1
/home/julius/projects/curious/.mypy_cache/3.7/email/mime/__init__.data.json, JSON, 0, 0, 0, 1, 0, 0, 1
/home/julius/projects/curious/.mypy_cache/3.7/email/mime/__init__.meta.json, JSON, 0, 0, 0, 1, 0, 0, 1
/home/julius/projects/curious/.mypy_cache/3.7/email/mime/base.data.json, JSON, 0, 0, 0, 1, 0, 0, 1
/home/julius/projects/curious/.mypy_cache/3.7/email/mime/base.meta.json, JSON, 0, 0, 0, 1, 0, 0, 1
/home/julius/projects/curious/.mypy_cache/3.7/email/mime/multipart.data.json, JSON, 0, 0, 0, 1, 0, 0, 1
/home/julius/projects/curious/.mypy_cache/3.7/email/mime/multipart.meta.json, JSON, 0, 0, 0, 1, 0, 0, 1
/home/julius/projects/curious/.mypy_cache/3.7/email/mime/nonmultipart.data.json, JSON, 0, 0, 0, 1, 0, 0, 1
/home/julius/projects/curious/.mypy_cache/3.7/email/mime/nonmultipart.meta.json, JSON, 0, 0, 0, 1, 0, 0, 1
/home/julius/projects/curious/.mypy_cache/3.7/email/mime/text.data.json, JSON, 0, 0, 0, 1, 0, 0, 1
/home/julius/projects/curious/.mypy_cache/3.7/email/mime/text.meta.json, JSON, 0, 0, 0, 1, 0, 0, 1
/home/julius/projects/curious/.mypy_cache/3.7/email/policy.data.json, JSON, 0, 0, 0, 1, 0, 0, 1
/home/julius/projects/curious/.mypy_cache/3.7/email/policy.meta.json, JSON, 0, 0, 0, 1, 0, 0, 1
/home/julius/projects/curious/.mypy_cache/3.7/enum.data.json, JSON, 0, 0, 0, 1, 0, 0, 1
/home/julius/projects/curious/.mypy_cache/3.7/enum.meta.json, JSON, 0, 0, 0, 1, 0, 0, 1
/home/julius/projects/curious/.mypy_cache/3.7/functools.data.json, JSON, 0, 0, 0, 1, 0, 0, 1
/home/julius/projects/curious/.mypy_cache/3.7/functools.meta.json, JSON, 0, 0, 0, 1, 0, 0, 1
/home/julius/projects/curious/.mypy_cache/3.7/google/__init__.data.json, JSON, 0, 0, 0, 1, 0, 0, 1
/home/julius/projects/curious/.mypy_cache/3.7/google/__init__.meta.json, JSON, 0, 0, 0, 1, 0, 0, 1
/home/julius/projects/curious/.mypy_cache/3.7/google/protobuf/__init__.data.json, JSON, 0, 0, 0, 1, 0, 0, 1
/home/julius/projects/curious/.mypy_cache/3.7/google/protobuf/__init__.meta.json, JSON, 0, 0, 0, 1, 0, 0, 1
/home/julius/projects/curious/.mypy_cache/3.7/html/__init__.data.json, JSON, 0, 0, 0, 1, 0, 0, 1
/home/julius/projects/curious/.mypy_cache/3.7/html/__init__.meta.json, JSON, 0, 0, 0, 1, 0, 0, 1
/home/julius/projects/curious/.mypy_cache/3.7/html/entities.data.json, JSON, 0, 0, 0, 1, 0, 0, 1
/home/julius/projects/curious/.mypy_cache/3.7/html/entities.meta.json, JSON, 0, 0, 0, 1, 0, 0, 1
/home/julius/projects/curious/.mypy_cache/3.7/html/parser.data.json, JSON, 0, 0, 0, 1, 0, 0, 1
/home/julius/projects/curious/.mypy_cache/3.7/html/parser.meta.json, JSON, 0, 0, 0, 1, 0, 0, 1
/home/julius/projects/curious/.mypy_cache/3.7/http/__init__.data.json, JSON, 0, 0, 0, 1, 0, 0, 1
/home/julius/projects/curious/.mypy_cache/3.7/http/__init__.meta.json, JSON, 0, 0, 0, 1, 0, 0, 1
/home/julius/projects/curious/.mypy_cache/3.7/http/client.data.json, JSON, 0, 0, 0, 1, 0, 0, 1
/home/julius/projects/curious/.mypy_cache/3.7/http/client.meta.json, JSON, 0, 0, 0, 1, 0, 0, 1
/home/julius/projects/curious/.mypy_cache/3.7/http/cookiejar.data.json, JSON, 0, 0, 0, 1, 0, 0, 1
/home/julius/projects/curious/.mypy_cache/3.7/http/cookiejar.meta.json, JSON, 0, 0, 0, 1, 0, 0, 1
/home/julius/projects/curious/.mypy_cache/3.7/http/cookies.data.json, JSON, 0, 0, 0, 1, 0, 0, 1
/home/julius/projects/curious/.mypy_cache/3.7/http/cookies.meta.json, JSON, 0, 0, 0, 1, 0, 0, 1
/home/julius/projects/curious/.mypy_cache/3.7/http/server.data.json, JSON, 0, 0, 0, 1, 0, 0, 1
/home/julius/projects/curious/.mypy_cache/3.7/http/server.meta.json, JSON, 0, 0, 0, 1, 0, 0, 1
/home/julius/projects/curious/.mypy_cache/3.7/importlib/__init__.data.json, JSON, 0, 0, 0, 1, 0, 0, 1
/home/julius/projects/curious/.mypy_cache/3.7/importlib/__init__.meta.json, JSON, 0, 0, 0, 1, 0, 0, 1
/home/julius/projects/curious/.mypy_cache/3.7/importlib/abc.data.json, JSON, 0, 0, 0, 1, 0, 0, 1
/home/julius/projects/curious/.mypy_cache/3.7/importlib/abc.meta.json, JSON, 0, 0, 0, 1, 0, 0, 1
/home/julius/projects/curious/.mypy_cache/3.7/inspect.data.json, JSON, 0, 0, 0, 1, 0, 0, 1
/home/julius/projects/curious/.mypy_cache/3.7/inspect.meta.json, JSON, 0, 0, 0, 1, 0, 0, 1
/home/julius/projects/curious/.mypy_cache/3.7/io.data.json, JSON, 0, 0, 0, 1, 0, 0, 1
/home/julius/projects/curious/.mypy_cache/3.7/io.meta.json, JSON, 0, 0, 0, 1, 0, 0, 1
/home/julius/projects/curious/.mypy_cache/3.7/itertools.data.json, JSON, 0, 0, 0, 1, 0, 0, 1
/home/julius/projects/curious/.mypy_cache/3.7/itertools.meta.json, JSON, 0, 0, 0, 1, 0, 0, 1
/home/julius/projects/curious/.mypy_cache/3.7/json/__init__.data.json, JSON, 0, 0, 0, 1, 0, 0, 1
/home/julius/projects/curious/.mypy_cache/3.7/json/__init__.meta.json, JSON, 0, 0, 0, 1, 0, 0, 1
/home/julius/projects/curious/.mypy_cache/3.7/json/decoder.data.json, JSON, 0, 0, 0, 1, 0, 0, 1
/home/julius/projects/curious/.mypy_cache/3.7/json/decoder.meta.json, JSON, 0, 0, 0, 1, 0, 0, 1
/home/julius/projects/curious/.mypy_cache/3.7/json/encoder.data.json, JSON, 0, 0, 0, 1, 0, 0, 1
/home/julius/projects/curious/.mypy_cache/3.7/json/encoder.meta.json, JSON, 0, 0, 0, 1, 0, 0, 1
/home/julius/projects/curious/.mypy_cache/3.7/logging/__init__.data.json, JSON, 0, 0, 0, 1, 0, 0, 1
/home/julius/projects/curious/.mypy_cache/3.7/logging/__init__.meta.json, JSON, 0, 0, 0, 1, 0, 0, 1
/home/julius/projects/curious/.mypy_cache/3.7/math.data.json, JSON, 0, 0, 0, 1, 0, 0, 1
/home/julius/projects/curious/.mypy_cache/3.7/math.meta.json, JSON, 0, 0, 0, 1, 0, 0, 1
/home/julius/projects/curious/.mypy_cache/3.7/mmap.data.json, JSON, 0, 0, 0, 1, 0, 0, 1
/home/julius/projects/curious/.mypy_cache/3.7/mmap.meta.json, JSON, 0, 0, 0, 1, 0, 0, 1
/home/julius/projects/curious/.mypy_cache/3.7/numbers.data.json, JSON, 0, 0, 0, 1, 0, 0, 1
/home/julius/projects/curious/.mypy_cache/3.7/numbers.meta.json, JSON, 0, 0, 0, 1, 0, 0, 1
/home/julius/projects/curious/.mypy_cache/3.7/os/__init__.data.json, JSON, 0, 0, 0, 1, 0, 0, 1
/home/julius/projects/curious/.mypy_cache/3.7/os/__init__.meta.json, JSON, 0, 0, 0, 1, 0, 0, 1
/home/julius/projects/curious/.mypy_cache/3.7/os/path.data.json, JSON, 0, 0, 0, 1, 0, 0, 1
/home/julius/projects/curious/.mypy_cache/3.7/os/path.meta.json, JSON, 0, 0, 0, 1, 0, 0, 1
/home/julius/projects/curious/.mypy_cache/3.7/pathlib.data.json, JSON, 0, 0, 0, 1, 0, 0, 1
/home/julius/projects/curious/.mypy_cache/3.7/pathlib.meta.json, JSON, 0, 0, 0, 1, 0, 0, 1
/home/julius/projects/curious/.mypy_cache/3.7/pickle.data.json, JSON, 0, 0, 0, 1, 0, 0, 1
/home/julius/projects/curious/.mypy_cache/3.7/pickle.meta.json, JSON, 0, 0, 0, 1, 0, 0, 1
/home/julius/projects/curious/.mypy_cache/3.7/posix.data.json, JSON, 0, 0, 0, 1, 0, 0, 1
/home/julius/projects/curious/.mypy_cache/3.7/posix.meta.json, JSON, 0, 0, 0, 1, 0, 0, 1
/home/julius/projects/curious/.mypy_cache/3.7/queue.data.json, JSON, 0, 0, 0, 1, 0, 0, 1
/home/julius/projects/curious/.mypy_cache/3.7/queue.meta.json, JSON, 0, 0, 0, 1, 0, 0, 1
/home/julius/projects/curious/.mypy_cache/3.7/random.data.json, JSON, 0, 0, 0, 1, 0, 0, 1
/home/julius/projects/curious/.mypy_cache/3.7/random.meta.json, JSON, 0, 0, 0, 1, 0, 0, 1
/home/julius/projects/curious/.mypy_cache/3.7/re.data.json, JSON, 0, 0, 0, 1, 0, 0, 1
/home/julius/projects/curious/.mypy_cache/3.7/re.meta.json, JSON, 0, 0, 0, 1, 0, 0, 1
/home/julius/projects/curious/.mypy_cache/3.7/reprlib.data.json, JSON, 0, 0, 0, 1, 0, 0, 1
/home/julius/projects/curious/.mypy_cache/3.7/reprlib.meta.json, JSON, 0, 0, 0, 1, 0, 0, 1
/home/julius/projects/curious/.mypy_cache/3.7/shlex.data.json, JSON, 0, 0, 0, 1, 0, 0, 1
/home/julius/projects/curious/.mypy_cache/3.7/shlex.meta.json, JSON, 0, 0, 0, 1, 0, 0, 1
/home/julius/projects/curious/.mypy_cache/3.7/shutil.data.json, JSON, 0, 0, 0, 1, 0, 0, 1
/home/julius/projects/curious/.mypy_cache/3.7/shutil.meta.json, JSON, 0, 0, 0, 1, 0, 0, 1
/home/julius/projects/curious/.mypy_cache/3.7/six/__init__.data.json, JSON, 0, 0, 0, 1, 0, 0, 1
/home/julius/projects/curious/.mypy_cache/3.7/six/__init__.meta.json, JSON, 0, 0, 0, 1, 0, 0, 1
/home/julius/projects/curious/.mypy_cache/3.7/six/moves/BaseHTTPServer.data.json, JSON, 0, 0, 0, 1, 0, 0, 1
/home/julius/projects/curious/.mypy_cache/3.7/six/moves/BaseHTTPServer.meta.json, JSON, 0, 0, 0, 1, 0, 0, 1
/home/julius/projects/curious/.mypy_cache/3.7/six/moves/CGIHTTPServer.data.json, JSON, 0, 0, 0, 1, 0, 0, 1
/home/julius/projects/curious/.mypy_cache/3.7/six/moves/CGIHTTPServer.meta.json, JSON, 0, 0, 0, 1, 0, 0, 1
/home/julius/projects/curious/.mypy_cache/3.7/six/moves/SimpleHTTPServer.data.json, JSON, 0, 0, 0, 1, 0, 0, 1
/home/julius/projects/curious/.mypy_cache/3.7/six/moves/SimpleHTTPServer.meta.json, JSON, 0, 0, 0, 1, 0, 0, 1
/home/julius/projects/curious/.mypy_cache/3.7/six/moves/__init__.data.json, JSON, 0, 0, 0, 1, 0, 0, 1
/home/julius/projects/curious/.mypy_cache/3.7/six/moves/__init__.meta.json, JSON, 0, 0, 0, 1, 0, 0, 1
/home/julius/projects/curious/.mypy_cache/3.7/six/moves/_dummy_thread.data.json, JSON, 0, 0, 0, 1, 0, 0, 1
/home/julius/projects/curious/.mypy_cache/3.7/six/moves/_dummy_thread.meta.json, JSON, 0, 0, 0, 1, 0, 0, 1
/home/julius/projects/curious/.mypy_cache/3.7/six/moves/_thread.data.json, JSON, 0, 0, 0, 1, 0, 0, 1
/home/julius/projects/curious/.mypy_cache/3.7/six/moves/_thread.meta.json, JSON, 0, 0, 0, 1, 0, 0, 1
/home/julius/projects/curious/.mypy_cache/3.7/six/moves/builtins.data.json, JSON, 0, 0, 0, 1, 0, 0, 1
/home/julius/projects/curious/.mypy_cache/3.7/six/moves/builtins.meta.json, JSON, 0, 0, 0, 1, 0, 0, 1
/home/julius/projects/curious/.mypy_cache/3.7/six/moves/cPickle.data.json, JSON, 0, 0, 0, 1, 0, 0, 1
/home/julius/projects/curious/.mypy_cache/3.7/six/moves/cPickle.meta.json, JSON, 0, 0, 0, 1, 0, 0, 1
/home/julius/projects/curious/.mypy_cache/3.7/six/moves/configparser.data.json, JSON, 0, 0, 0, 1, 0, 0, 1
/home/julius/projects/curious/.mypy_cache/3.7/six/moves/configparser.meta.json, JSON, 0, 0, 0, 1, 0, 0, 1
/home/julius/projects/curious/.mypy_cache/3.7/six/moves/email_mime_base.data.json, JSON, 0, 0, 0, 1, 0, 0, 1
/home/julius/projects/curious/.mypy_cache/3.7/six/moves/email_mime_base.meta.json, JSON, 0, 0, 0, 1, 0, 0, 1
/home/julius/projects/curious/.mypy_cache/3.7/six/moves/email_mime_multipart.data.json, JSON, 0, 0, 0, 1, 0, 0, 1
/home/julius/projects/curious/.mypy_cache/3.7/six/moves/email_mime_multipart.meta.json, JSON, 0, 0, 0, 1, 0, 0, 1
/home/julius/projects/curious/.mypy_cache/3.7/six/moves/email_mime_nonmultipart.data.json, JSON, 0, 0, 0, 1, 0, 0, 1
/home/julius/projects/curious/.mypy_cache/3.7/six/moves/email_mime_nonmultipart.meta.json, JSON, 0, 0, 0, 1, 0, 0, 1
/home/julius/projects/curious/.mypy_cache/3.7/six/moves/email_mime_text.data.json, JSON, 0, 0, 0, 1, 0, 0, 1
/home/julius/projects/curious/.mypy_cache/3.7/six/moves/email_mime_text.meta.json, JSON, 0, 0, 0, 1, 0, 0, 1
/home/julius/projects/curious/.mypy_cache/3.7/six/moves/html_entities.data.json, JSON, 0, 0, 0, 1, 0, 0, 1
/home/julius/projects/curious/.mypy_cache/3.7/six/moves/html_entities.meta.json, JSON, 0, 0, 0, 1, 0, 0, 1
/home/julius/projects/curious/.mypy_cache/3.7/six/moves/html_parser.data.json, JSON, 0, 0, 0, 1, 0, 0, 1
/home/julius/projects/curious/.mypy_cache/3.7/six/moves/html_parser.meta.json, JSON, 0, 0, 0, 1, 0, 0, 1
/home/julius/projects/curious/.mypy_cache/3.7/six/moves/http_client.data.json, JSON, 0, 0, 0, 1, 0, 0, 1
/home/julius/projects/curious/.mypy_cache/3.7/six/moves/http_client.meta.json, JSON, 0, 0, 0, 1, 0, 0, 1
/home/julius/projects/curious/.mypy_cache/3.7/six/moves/http_cookiejar.data.json, JSON, 0, 0, 0, 1, 0, 0, 1
/home/julius/projects/curious/.mypy_cache/3.7/six/moves/http_cookiejar.meta.json, JSON, 0, 0, 0, 1, 0, 0, 1
/home/julius/projects/curious/.mypy_cache/3.7/six/moves/http_cookies.data.json, JSON, 0, 0, 0, 1, 0, 0, 1
/home/julius/projects/curious/.mypy_cache/3.7/six/moves/http_cookies.meta.json, JSON, 0, 0, 0, 1, 0, 0, 1
/home/julius/projects/curious/.mypy_cache/3.7/six/moves/queue.data.json, JSON, 0, 0, 0, 1, 0, 0, 1
/home/julius/projects/curious/.mypy_cache/3.7/six/moves/queue.meta.json, JSON, 0, 0, 0, 1, 0, 0, 1
/home/julius/projects/curious/.mypy_cache/3.7/six/moves/reprlib.data.json, JSON, 0, 0, 0, 1, 0, 0, 1
/home/julius/projects/curious/.mypy_cache/3.7/six/moves/reprlib.meta.json, JSON, 0, 0, 0, 1, 0, 0, 1
/home/julius/projects/curious/.mypy_cache/3.7/six/moves/socketserver.data.json, JSON, 0, 0, 0, 1, 0, 0, 1
/home/julius/projects/curious/.mypy_cache/3.7/six/moves/socketserver.meta.json, JSON, 0, 0, 0, 1, 0, 0, 1
/home/julius/projects/curious/.mypy_cache/3.7/six/moves/tkinter.data.json, JSON, 0, 0, 0, 1, 0, 0, 1
/home/julius/projects/curious/.mypy_cache/3.7/six/moves/tkinter.meta.json, JSON, 0, 0, 0, 1, 0, 0, 1
/home/julius/projects/curious/.mypy_cache/3.7/six/moves/tkinter_commondialog.data.json, JSON, 0, 0, 0, 1, 0, 0, 1
/home/julius/projects/curious/.mypy_cache/3.7/six/moves/tkinter_commondialog.meta.json, JSON, 0, 0, 0, 1, 0, 0, 1
/home/julius/projects/curious/.mypy_cache/3.7/six/moves/tkinter_constants.data.json, JSON, 0, 0, 0, 1, 0, 0, 1
/home/julius/projects/curious/.mypy_cache/3.7/six/moves/tkinter_constants.meta.json, JSON, 0, 0, 0, 1, 0, 0, 1
/home/julius/projects/curious/.mypy_cache/3.7/six/moves/tkinter_dialog.data.json, JSON, 0, 0, 0, 1, 0, 0, 1
/home/julius/projects/curious/.mypy_cache/3.7/six/moves/tkinter_dialog.meta.json, JSON, 0, 0, 0, 1, 0, 0, 1
/home/julius/projects/curious/.mypy_cache/3.7/six/moves/tkinter_filedialog.data.json, JSON, 0, 0, 0, 1, 0, 0, 1
/home/julius/projects/curious/.mypy_cache/3.7/six/moves/tkinter_filedialog.meta.json, JSON, 0, 0, 0, 1, 0, 0, 1
/home/julius/projects/curious/.mypy_cache/3.7/six/moves/tkinter_tkfiledialog.data.json, JSON, 0, 0, 0, 1, 0, 0, 1
/home/julius/projects/curious/.mypy_cache/3.7/six/moves/tkinter_tkfiledialog.meta.json, JSON, 0, 0, 0, 1, 0, 0, 1
/home/julius/projects/curious/.mypy_cache/3.7/six/moves/tkinter_ttk.data.json, JSON, 0, 0, 0, 1, 0, 0, 1
/home/julius/projects/curious/.mypy_cache/3.7/six/moves/tkinter_ttk.meta.json, JSON, 0, 0, 0, 1, 0, 0, 1
/home/julius/projects/curious/.mypy_cache/3.7/six/moves/urllib/__init__.data.json, JSON, 0, 0, 0, 1, 0, 0, 1
/home/julius/projects/curious/.mypy_cache/3.7/six/moves/urllib/__init__.meta.json, JSON, 0, 0, 0, 1, 0, 0, 1
/home/julius/projects/curious/.mypy_cache/3.7/six/moves/urllib/error.data.json, JSON, 0, 0, 0, 1, 0, 0, 1
/home/julius/projects/curious/.mypy_cache/3.7/six/moves/urllib/error.meta.json, JSON, 0, 0, 0, 1, 0, 0, 1
/home/julius/projects/curious/.mypy_cache/3.7/six/moves/urllib/parse.data.json, JSON, 0, 0, 0, 1, 0, 0, 1
/home/julius/projects/curious/.mypy_cache/3.7/six/moves/urllib/parse.meta.json, JSON, 0, 0, 0, 1, 0, 0, 1
/home/julius/projects/curious/.mypy_cache/3.7/six/moves/urllib/request.data.json, JSON, 0, 0, 0, 1, 0, 0, 1
/home/julius/projects/curious/.mypy_cache/3.7/six/moves/urllib/request.meta.json, JSON, 0, 0, 0, 1, 0, 0, 1
/home/julius/projects/curious/.mypy_cache/3.7/six/moves/urllib/response.data.json, JSON, 0, 0, 0, 1, 0, 0, 1
/home/julius/projects/curious/.mypy_cache/3.7/six/moves/urllib/response.meta.json, JSON, 0, 0, 0, 1, 0, 0, 1
/home/julius/projects/curious/.mypy_cache/3.7/six/moves/urllib/robotparser.data.json, JSON, 0, 0, 0, 1, 0, 0, 1
/home/julius/projects/curious/.mypy_cache/3.7/six/moves/urllib/robotparser.meta.json, JSON, 0, 0, 0, 1, 0, 0, 1
/home/julius/projects/curious/.mypy_cache/3.7/six/moves/urllib_error.data.json, JSON, 0, 0, 0, 1, 0, 0, 1
/home/julius/projects/curious/.mypy_cache/3.7/six/moves/urllib_error.meta.json, JSON, 0, 0, 0, 1, 0, 0, 1
/home/julius/projects/curious/.mypy_cache/3.7/six/moves/urllib_parse.data.json, JSON, 0, 0, 0, 1, 0, 0, 1
/home/julius/projects/curious/.mypy_cache/3.7/six/moves/urllib_parse.meta.json, JSON, 0, 0, 0, 1, 0, 0, 1
/home/julius/projects/curious/.mypy_cache/3.7/six/moves/urllib_robotparser.data.json, JSON, 0, 0, 0, 1, 0, 0, 1
/home/julius/projects/curious/.mypy_cache/3.7/six/moves/urllib_robotparser.meta.json, JSON, 0, 0, 0, 1, 0, 0, 1
/home/julius/projects/curious/.mypy_cache/3.7/socket.data.json, JSON, 0, 0, 0, 1, 0, 0, 1
/home/julius/projects/curious/.mypy_cache/3.7/socket.meta.json, JSON, 0, 0, 0, 1, 0, 0, 1
/home/julius/projects/curious/.mypy_cache/3.7/socketserver.data.json, JSON, 0, 0, 0, 1, 0, 0, 1
/home/julius/projects/curious/.mypy_cache/3.7/socketserver.meta.json, JSON, 0, 0, 0, 1, 0, 0, 1
/home/julius/projects/curious/.mypy_cache/3.7/ssl.data.json, JSON, 0, 0, 0, 1, 0, 0, 1
/home/julius/projects/curious/.mypy_cache/3.7/ssl.meta.json, JSON, 0, 0, 0, 1, 0, 0, 1
/home/julius/projects/curious/.mypy_cache/3.7/string.data.json, JSON, 0, 0, 0, 1, 0, 0, 1
/home/julius/projects/curious/.mypy_cache/3.7/string.meta.json, JSON, 0, 0, 0, 1, 0, 0, 1
/home/julius/projects/curious/.mypy_cache/3.7/struct.data.json, JSON, 0, 0, 0, 1, 0, 0, 1
/home/julius/projects/curious/.mypy_cache/3.7/struct.meta.json, JSON, 0, 0, 0, 1, 0, 0, 1
/home/julius/projects/curious/.mypy_cache/3.7/sys.data.json, JSON, 0, 0, 0, 1, 0, 0, 1
/home/julius/projects/curious/.mypy_cache/3.7/sys.meta.json, JSON, 0, 0, 0, 1, 0, 0, 1
/home/julius/projects/curious/.mypy_cache/3.7/tarfile.data.json, JSON, 0, 0, 0, 1, 0, 0, 1
/home/julius/projects/curious/.mypy_cache/3.7/tarfile.meta.json, JSON, 0, 0, 0, 1, 0, 0, 1
/home/julius/projects/curious/.mypy_cache/3.7/tempfile.data.json, JSON, 0, 0, 0, 1, 0, 0, 1
/home/julius/projects/curious/.mypy_cache/3.7/tempfile.meta.json, JSON, 0, 0, 0, 1, 0, 0, 1
/home/julius/projects/curious/.mypy_cache/3.7/threading.data.json, JSON, 0, 0, 0, 1, 0, 0, 1
/home/julius/projects/curious/.mypy_cache/3.7/threading.meta.json, JSON, 0, 0, 0, 1, 0, 0, 1
/home/julius/projects/curious/.mypy_cache/3.7/time.data.json, JSON, 0, 0, 0, 1, 0, 0, 1
/home/julius/projects/curious/.mypy_cache/3.7/time.meta.json, JSON, 0, 0, 0, 1, 0, 0, 1
/home/julius/projects/curious/.mypy_cache/3.7/tkinter/__init__.data.json, JSON, 0, 0, 0, 1, 0, 0, 1
/home/julius/projects/curious/.mypy_cache/3.7/tkinter/__init__.meta.json, JSON, 0, 0, 0, 1, 0, 0, 1
/home/julius/projects/curious/.mypy_cache/3.7/tkinter/commondialog.data.json, JSON, 0, 0, 0, 1, 0, 0, 1
/home/julius/projects/curious/.mypy_cache/3.7/tkinter/commondialog.meta.json, JSON, 0, 0, 0, 1, 0, 0, 1
/home/julius/projects/curious/.mypy_cache/3.7/tkinter/constants.data.json, JSON, 0, 0, 0, 1, 0, 0, 1
/home/julius/projects/curious/.mypy_cache/3.7/tkinter/constants.meta.json, JSON, 0, 0, 0, 1, 0, 0, 1
/home/julius/projects/curious/.mypy_cache/3.7/tkinter/dialog.data.json, JSON, 0, 0, 0, 1, 0, 0, 1
/home/julius/projects/curious/.mypy_cache/3.7/tkinter/dialog.meta.json, JSON, 0, 0, 0, 1, 0, 0, 1
/home/julius/projects/curious/.mypy_cache/3.7/tkinter/filedialog.data.json, JSON, 0, 0, 0, 1, 0, 0, 1
/home/julius/projects/curious/.mypy_cache/3.7/tkinter/filedialog.meta.json, JSON, 0, 0, 0, 1, 0, 0, 1
/home/julius/projects/curious/.mypy_cache/3.7/tkinter/ttk.data.json, JSON, 0, 0, 0, 1, 0, 0, 1
/home/julius/projects/curious/.mypy_cache/3.7/tkinter/ttk.meta.json, JSON, 0, 0, 0, 1, 0, 0, 1
/home/julius/projects/curious/.mypy_cache/3.7/torch/__init__.data.json, JSON, 0, 0, 0, 1, 0, 0, 1
/home/julius/projects/curious/.mypy_cache/3.7/torch/__init__.meta.json, JSON, 0, 0, 0, 1, 0, 0, 1
/home/julius/projects/curious/.mypy_cache/3.7/torch/_jit_internal.data.json, JSON, 0, 0, 0, 1, 0, 0, 1
/home/julius/projects/curious/.mypy_cache/3.7/torch/_jit_internal.meta.json, JSON, 0, 0, 0, 1, 0, 0, 1
/home/julius/projects/curious/.mypy_cache/3.7/torch/_six.data.json, JSON, 0, 0, 0, 1, 0, 0, 1
/home/julius/projects/curious/.mypy_cache/3.7/torch/_six.meta.json, JSON, 0, 0, 0, 1, 0, 0, 1
/home/julius/projects/curious/.mypy_cache/3.7/torch/_tensor_str.data.json, JSON, 0, 0, 0, 1, 0, 0, 1
/home/julius/projects/curious/.mypy_cache/3.7/torch/_tensor_str.meta.json, JSON, 0, 0, 0, 1, 0, 0, 1
/home/julius/projects/curious/.mypy_cache/3.7/torch/_utils.data.json, JSON, 0, 0, 0, 1, 0, 0, 1
/home/julius/projects/curious/.mypy_cache/3.7/torch/_utils.meta.json, JSON, 0, 0, 0, 1, 0, 0, 1
/home/julius/projects/curious/.mypy_cache/3.7/torch/_utils_internal.data.json, JSON, 0, 0, 0, 1, 0, 0, 1
/home/julius/projects/curious/.mypy_cache/3.7/torch/_utils_internal.meta.json, JSON, 0, 0, 0, 1, 0, 0, 1
/home/julius/projects/curious/.mypy_cache/3.7/torch/autograd/__init__.data.json, JSON, 0, 0, 0, 1, 0, 0, 1
/home/julius/projects/curious/.mypy_cache/3.7/torch/autograd/__init__.meta.json, JSON, 0, 0, 0, 1, 0, 0, 1
/home/julius/projects/curious/.mypy_cache/3.7/torch/autograd/function.data.json, JSON, 0, 0, 0, 1, 0, 0, 1
/home/julius/projects/curious/.mypy_cache/3.7/torch/autograd/function.meta.json, JSON, 0, 0, 0, 1, 0, 0, 1
/home/julius/projects/curious/.mypy_cache/3.7/torch/autograd/grad_mode.data.json, JSON, 0, 0, 0, 1, 0, 0, 1
/home/julius/projects/curious/.mypy_cache/3.7/torch/autograd/grad_mode.meta.json, JSON, 0, 0, 0, 1, 0, 0, 1
/home/julius/projects/curious/.mypy_cache/3.7/torch/cuda/__init__.data.json, JSON, 0, 0, 0, 1, 0, 0, 1
/home/julius/projects/curious/.mypy_cache/3.7/torch/cuda/__init__.meta.json, JSON, 0, 0, 0, 1, 0, 0, 1
/home/julius/projects/curious/.mypy_cache/3.7/torch/distributions/__init__.data.json, JSON, 0, 0, 0, 1, 0, 0, 1
/home/julius/projects/curious/.mypy_cache/3.7/torch/distributions/__init__.meta.json, JSON, 0, 0, 0, 1, 0, 0, 1
/home/julius/projects/curious/.mypy_cache/3.7/torch/distributions/bernoulli.data.json, JSON, 0, 0, 0, 1, 0, 0, 1
/home/julius/projects/curious/.mypy_cache/3.7/torch/distributions/bernoulli.meta.json, JSON, 0, 0, 0, 1, 0, 0, 1
/home/julius/projects/curious/.mypy_cache/3.7/torch/distributions/beta.data.json, JSON, 0, 0, 0, 1, 0, 0, 1
/home/julius/projects/curious/.mypy_cache/3.7/torch/distributions/beta.meta.json, JSON, 0, 0, 0, 1, 0, 0, 1
/home/julius/projects/curious/.mypy_cache/3.7/torch/distributions/binomial.data.json, JSON, 0, 0, 0, 1, 0, 0, 1
/home/julius/projects/curious/.mypy_cache/3.7/torch/distributions/binomial.meta.json, JSON, 0, 0, 0, 1, 0, 0, 1
/home/julius/projects/curious/.mypy_cache/3.7/torch/distributions/categorical.data.json, JSON, 0, 0, 0, 1, 0, 0, 1
/home/julius/projects/curious/.mypy_cache/3.7/torch/distributions/categorical.meta.json, JSON, 0, 0, 0, 1, 0, 0, 1
/home/julius/projects/curious/.mypy_cache/3.7/torch/distributions/cauchy.data.json, JSON, 0, 0, 0, 1, 0, 0, 1
/home/julius/projects/curious/.mypy_cache/3.7/torch/distributions/cauchy.meta.json, JSON, 0, 0, 0, 1, 0, 0, 1
/home/julius/projects/curious/.mypy_cache/3.7/torch/distributions/chi2.data.json, JSON, 0, 0, 0, 1, 0, 0, 1
/home/julius/projects/curious/.mypy_cache/3.7/torch/distributions/chi2.meta.json, JSON, 0, 0, 0, 1, 0, 0, 1
/home/julius/projects/curious/.mypy_cache/3.7/torch/distributions/constraint_registry.data.json, JSON, 0, 0, 0, 1, 0, 0, 1
/home/julius/projects/curious/.mypy_cache/3.7/torch/distributions/constraint_registry.meta.json, JSON, 0, 0, 0, 1, 0, 0, 1
/home/julius/projects/curious/.mypy_cache/3.7/torch/distributions/constraints.data.json, JSON, 0, 0, 0, 1, 0, 0, 1
/home/julius/projects/curious/.mypy_cache/3.7/torch/distributions/constraints.meta.json, JSON, 0, 0, 0, 1, 0, 0, 1
/home/julius/projects/curious/.mypy_cache/3.7/torch/distributions/dirichlet.data.json, JSON, 0, 0, 0, 1, 0, 0, 1
/home/julius/projects/curious/.mypy_cache/3.7/torch/distributions/dirichlet.meta.json, JSON, 0, 0, 0, 1, 0, 0, 1
/home/julius/projects/curious/.mypy_cache/3.7/torch/distributions/distribution.data.json, JSON, 0, 0, 0, 1, 0, 0, 1
/home/julius/projects/curious/.mypy_cache/3.7/torch/distributions/distribution.meta.json, JSON, 0, 0, 0, 1, 0, 0, 1
/home/julius/projects/curious/.mypy_cache/3.7/torch/distributions/exp_family.data.json, JSON, 0, 0, 0, 1, 0, 0, 1
/home/julius/projects/curious/.mypy_cache/3.7/torch/distributions/exp_family.meta.json, JSON, 0, 0, 0, 1, 0, 0, 1
/home/julius/projects/curious/.mypy_cache/3.7/torch/distributions/exponential.data.json, JSON, 0, 0, 0, 1, 0, 0, 1
/home/julius/projects/curious/.mypy_cache/3.7/torch/distributions/exponential.meta.json, JSON, 0, 0, 0, 1, 0, 0, 1
/home/julius/projects/curious/.mypy_cache/3.7/torch/distributions/fishersnedecor.data.json, JSON, 0, 0, 0, 1, 0, 0, 1
/home/julius/projects/curious/.mypy_cache/3.7/torch/distributions/fishersnedecor.meta.json, JSON, 0, 0, 0, 1, 0, 0, 1
/home/julius/projects/curious/.mypy_cache/3.7/torch/distributions/gamma.data.json, JSON, 0, 0, 0, 1, 0, 0, 1
/home/julius/projects/curious/.mypy_cache/3.7/torch/distributions/gamma.meta.json, JSON, 0, 0, 0, 1, 0, 0, 1
/home/julius/projects/curious/.mypy_cache/3.7/torch/distributions/geometric.data.json, JSON, 0, 0, 0, 1, 0, 0, 1
/home/julius/projects/curious/.mypy_cache/3.7/torch/distributions/geometric.meta.json, JSON, 0, 0, 0, 1, 0, 0, 1
/home/julius/projects/curious/.mypy_cache/3.7/torch/distributions/gumbel.data.json, JSON, 0, 0, 0, 1, 0, 0, 1
/home/julius/projects/curious/.mypy_cache/3.7/torch/distributions/gumbel.meta.json, JSON, 0, 0, 0, 1, 0, 0, 1
/home/julius/projects/curious/.mypy_cache/3.7/torch/distributions/half_cauchy.data.json, JSON, 0, 0, 0, 1, 0, 0, 1
/home/julius/projects/curious/.mypy_cache/3.7/torch/distributions/half_cauchy.meta.json, JSON, 0, 0, 0, 1, 0, 0, 1
/home/julius/projects/curious/.mypy_cache/3.7/torch/distributions/half_normal.data.json, JSON, 0, 0, 0, 1, 0, 0, 1
/home/julius/projects/curious/.mypy_cache/3.7/torch/distributions/half_normal.meta.json, JSON, 0, 0, 0, 1, 0, 0, 1
/home/julius/projects/curious/.mypy_cache/3.7/torch/distributions/independent.data.json, JSON, 0, 0, 0, 1, 0, 0, 1
/home/julius/projects/curious/.mypy_cache/3.7/torch/distributions/independent.meta.json, JSON, 0, 0, 0, 1, 0, 0, 1
/home/julius/projects/curious/.mypy_cache/3.7/torch/distributions/kl.data.json, JSON, 0, 0, 0, 1, 0, 0, 1
/home/julius/projects/curious/.mypy_cache/3.7/torch/distributions/kl.meta.json, JSON, 0, 0, 0, 1, 0, 0, 1
/home/julius/projects/curious/.mypy_cache/3.7/torch/distributions/laplace.data.json, JSON, 0, 0, 0, 1, 0, 0, 1
/home/julius/projects/curious/.mypy_cache/3.7/torch/distributions/laplace.meta.json, JSON, 0, 0, 0, 1, 0, 0, 1
/home/julius/projects/curious/.mypy_cache/3.7/torch/distributions/log_normal.data.json, JSON, 0, 0, 0, 1, 0, 0, 1
/home/julius/projects/curious/.mypy_cache/3.7/torch/distributions/log_normal.meta.json, JSON, 0, 0, 0, 1, 0, 0, 1
/home/julius/projects/curious/.mypy_cache/3.7/torch/distributions/logistic_normal.data.json, JSON, 0, 0, 0, 1, 0, 0, 1
/home/julius/projects/curious/.mypy_cache/3.7/torch/distributions/logistic_normal.meta.json, JSON, 0, 0, 0, 1, 0, 0, 1
/home/julius/projects/curious/.mypy_cache/3.7/torch/distributions/lowrank_multivariate_normal.data.json, JSON, 0, 0, 0, 1, 0, 0, 1
/home/julius/projects/curious/.mypy_cache/3.7/torch/distributions/lowrank_multivariate_normal.meta.json, JSON, 0, 0, 0, 1, 0, 0, 1
/home/julius/projects/curious/.mypy_cache/3.7/torch/distributions/multinomial.data.json, JSON, 0, 0, 0, 1, 0, 0, 1
/home/julius/projects/curious/.mypy_cache/3.7/torch/distributions/multinomial.meta.json, JSON, 0, 0, 0, 1, 0, 0, 1
/home/julius/projects/curious/.mypy_cache/3.7/torch/distributions/multivariate_normal.data.json, JSON, 0, 0, 0, 1, 0, 0, 1
/home/julius/projects/curious/.mypy_cache/3.7/torch/distributions/multivariate_normal.meta.json, JSON, 0, 0, 0, 1, 0, 0, 1
/home/julius/projects/curious/.mypy_cache/3.7/torch/distributions/negative_binomial.data.json, JSON, 0, 0, 0, 1, 0, 0, 1
/home/julius/projects/curious/.mypy_cache/3.7/torch/distributions/negative_binomial.meta.json, JSON, 0, 0, 0, 1, 0, 0, 1
/home/julius/projects/curious/.mypy_cache/3.7/torch/distributions/normal.data.json, JSON, 0, 0, 0, 1, 0, 0, 1
/home/julius/projects/curious/.mypy_cache/3.7/torch/distributions/normal.meta.json, JSON, 0, 0, 0, 1, 0, 0, 1
/home/julius/projects/curious/.mypy_cache/3.7/torch/distributions/one_hot_categorical.data.json, JSON, 0, 0, 0, 1, 0, 0, 1
/home/julius/projects/curious/.mypy_cache/3.7/torch/distributions/one_hot_categorical.meta.json, JSON, 0, 0, 0, 1, 0, 0, 1
/home/julius/projects/curious/.mypy_cache/3.7/torch/distributions/pareto.data.json, JSON, 0, 0, 0, 1, 0, 0, 1
/home/julius/projects/curious/.mypy_cache/3.7/torch/distributions/pareto.meta.json, JSON, 0, 0, 0, 1, 0, 0, 1
/home/julius/projects/curious/.mypy_cache/3.7/torch/distributions/poisson.data.json, JSON, 0, 0, 0, 1, 0, 0, 1
/home/julius/projects/curious/.mypy_cache/3.7/torch/distributions/poisson.meta.json, JSON, 0, 0, 0, 1, 0, 0, 1
/home/julius/projects/curious/.mypy_cache/3.7/torch/distributions/relaxed_bernoulli.data.json, JSON, 0, 0, 0, 1, 0, 0, 1
/home/julius/projects/curious/.mypy_cache/3.7/torch/distributions/relaxed_bernoulli.meta.json, JSON, 0, 0, 0, 1, 0, 0, 1
/home/julius/projects/curious/.mypy_cache/3.7/torch/distributions/relaxed_categorical.data.json, JSON, 0, 0, 0, 1, 0, 0, 1
/home/julius/projects/curious/.mypy_cache/3.7/torch/distributions/relaxed_categorical.meta.json, JSON, 0, 0, 0, 1, 0, 0, 1
/home/julius/projects/curious/.mypy_cache/3.7/torch/distributions/studentT.data.json, JSON, 0, 0, 0, 1, 0, 0, 1
/home/julius/projects/curious/.mypy_cache/3.7/torch/distributions/studentT.meta.json, JSON, 0, 0, 0, 1, 0, 0, 1
/home/julius/projects/curious/.mypy_cache/3.7/torch/distributions/transformed_distribution.data.json, JSON, 0, 0, 0, 1, 0, 0, 1
/home/julius/projects/curious/.mypy_cache/3.7/torch/distributions/transformed_distribution.meta.json, JSON, 0, 0, 0, 1, 0, 0, 1
/home/julius/projects/curious/.mypy_cache/3.7/torch/distributions/transforms.data.json, JSON, 0, 0, 0, 1, 0, 0, 1
/home/julius/projects/curious/.mypy_cache/3.7/torch/distributions/transforms.meta.json, JSON, 0, 0, 0, 1, 0, 0, 1
/home/julius/projects/curious/.mypy_cache/3.7/torch/distributions/uniform.data.json, JSON, 0, 0, 0, 1, 0, 0, 1
/home/julius/projects/curious/.mypy_cache/3.7/torch/distributions/uniform.meta.json, JSON, 0, 0, 0, 1, 0, 0, 1
/home/julius/projects/curious/.mypy_cache/3.7/torch/distributions/utils.data.json, JSON, 0, 0, 0, 1, 0, 0, 1
/home/julius/projects/curious/.mypy_cache/3.7/torch/distributions/utils.meta.json, JSON, 0, 0, 0, 1, 0, 0, 1
/home/julius/projects/curious/.mypy_cache/3.7/torch/distributions/weibull.data.json, JSON, 0, 0, 0, 1, 0, 0, 1
/home/julius/projects/curious/.mypy_cache/3.7/torch/distributions/weibull.meta.json, JSON, 0, 0, 0, 1, 0, 0, 1
/home/julius/projects/curious/.mypy_cache/3.7/torch/functional.data.json, JSON, 0, 0, 0, 1, 0, 0, 1
/home/julius/projects/curious/.mypy_cache/3.7/torch/functional.meta.json, JSON, 0, 0, 0, 1, 0, 0, 1
/home/julius/projects/curious/.mypy_cache/3.7/torch/nn/_VF.data.json, JSON, 0, 0, 0, 1, 0, 0, 1
/home/julius/projects/curious/.mypy_cache/3.7/torch/nn/_VF.meta.json, JSON, 0, 0, 0, 1, 0, 0, 1
/home/julius/projects/curious/.mypy_cache/3.7/torch/nn/__init__.data.json, JSON, 0, 0, 0, 1, 0, 0, 1
/home/julius/projects/curious/.mypy_cache/3.7/torch/nn/__init__.meta.json, JSON, 0, 0, 0, 1, 0, 0, 1
/home/julius/projects/curious/.mypy_cache/3.7/torch/nn/common_types.data.json, JSON, 0, 0, 0, 1, 0, 0, 1
/home/julius/projects/curious/.mypy_cache/3.7/torch/nn/common_types.meta.json, JSON, 0, 0, 0, 1, 0, 0, 1
/home/julius/projects/curious/.mypy_cache/3.7/torch/nn/functional.data.json, JSON, 0, 0, 0, 1, 0, 0, 1
/home/julius/projects/curious/.mypy_cache/3.7/torch/nn/functional.meta.json, JSON, 0, 0, 0, 1, 0, 0, 1
/home/julius/projects/curious/.mypy_cache/3.7/torch/nn/init.data.json, JSON, 0, 0, 0, 1, 0, 0, 1
/home/julius/projects/curious/.mypy_cache/3.7/torch/nn/init.meta.json, JSON, 0, 0, 0, 1, 0, 0, 1
/home/julius/projects/curious/.mypy_cache/3.7/torch/nn/modules/__init__.data.json, JSON, 0, 0, 0, 1, 0, 0, 1
/home/julius/projects/curious/.mypy_cache/3.7/torch/nn/modules/__init__.meta.json, JSON, 0, 0, 0, 1, 0, 0, 1
/home/julius/projects/curious/.mypy_cache/3.7/torch/nn/modules/activation.data.json, JSON, 0, 0, 0, 1, 0, 0, 1
/home/julius/projects/curious/.mypy_cache/3.7/torch/nn/modules/activation.meta.json, JSON, 0, 0, 0, 1, 0, 0, 1
/home/julius/projects/curious/.mypy_cache/3.7/torch/nn/modules/adaptive.data.json, JSON, 0, 0, 0, 1, 0, 0, 1
/home/julius/projects/curious/.mypy_cache/3.7/torch/nn/modules/adaptive.meta.json, JSON, 0, 0, 0, 1, 0, 0, 1
/home/julius/projects/curious/.mypy_cache/3.7/torch/nn/modules/batchnorm.data.json, JSON, 0, 0, 0, 1, 0, 0, 1
/home/julius/projects/curious/.mypy_cache/3.7/torch/nn/modules/batchnorm.meta.json, JSON, 0, 0, 0, 1, 0, 0, 1
/home/julius/projects/curious/.mypy_cache/3.7/torch/nn/modules/container.data.json, JSON, 0, 0, 0, 1, 0, 0, 1
/home/julius/projects/curious/.mypy_cache/3.7/torch/nn/modules/container.meta.json, JSON, 0, 0, 0, 1, 0, 0, 1
/home/julius/projects/curious/.mypy_cache/3.7/torch/nn/modules/conv.data.json, JSON, 0, 0, 0, 1, 0, 0, 1
/home/julius/projects/curious/.mypy_cache/3.7/torch/nn/modules/conv.meta.json, JSON, 0, 0, 0, 1, 0, 0, 1
/home/julius/projects/curious/.mypy_cache/3.7/torch/nn/modules/distance.data.json, JSON, 0, 0, 0, 1, 0, 0, 1
/home/julius/projects/curious/.mypy_cache/3.7/torch/nn/modules/distance.meta.json, JSON, 0, 0, 0, 1, 0, 0, 1
/home/julius/projects/curious/.mypy_cache/3.7/torch/nn/modules/dropout.data.json, JSON, 0, 0, 0, 1, 0, 0, 1
/home/julius/projects/curious/.mypy_cache/3.7/torch/nn/modules/dropout.meta.json, JSON, 0, 0, 0, 1, 0, 0, 1
/home/julius/projects/curious/.mypy_cache/3.7/torch/nn/modules/fold.data.json, JSON, 0, 0, 0, 1, 0, 0, 1
/home/julius/projects/curious/.mypy_cache/3.7/torch/nn/modules/fold.meta.json, JSON, 0, 0, 0, 1, 0, 0, 1
/home/julius/projects/curious/.mypy_cache/3.7/torch/nn/modules/instancenorm.data.json, JSON, 0, 0, 0, 1, 0, 0, 1
/home/julius/projects/curious/.mypy_cache/3.7/torch/nn/modules/instancenorm.meta.json, JSON, 0, 0, 0, 1, 0, 0, 1
/home/julius/projects/curious/.mypy_cache/3.7/torch/nn/modules/linear.data.json, JSON, 0, 0, 0, 1, 0, 0, 1
/home/julius/projects/curious/.mypy_cache/3.7/torch/nn/modules/linear.meta.json, JSON, 0, 0, 0, 1, 0, 0, 1
/home/julius/projects/curious/.mypy_cache/3.7/torch/nn/modules/loss.data.json, JSON, 0, 0, 0, 1, 0, 0, 1
/home/julius/projects/curious/.mypy_cache/3.7/torch/nn/modules/loss.meta.json, JSON, 0, 0, 0, 1, 0, 0, 1
/home/julius/projects/curious/.mypy_cache/3.7/torch/nn/modules/module.data.json, JSON, 0, 0, 0, 1, 0, 0, 1
/home/julius/projects/curious/.mypy_cache/3.7/torch/nn/modules/module.meta.json, JSON, 0, 0, 0, 1, 0, 0, 1
/home/julius/projects/curious/.mypy_cache/3.7/torch/nn/modules/normalization.data.json, JSON, 0, 0, 0, 1, 0, 0, 1
/home/julius/projects/curious/.mypy_cache/3.7/torch/nn/modules/normalization.meta.json, JSON, 0, 0, 0, 1, 0, 0, 1
/home/julius/projects/curious/.mypy_cache/3.7/torch/nn/modules/padding.data.json, JSON, 0, 0, 0, 1, 0, 0, 1
/home/julius/projects/curious/.mypy_cache/3.7/torch/nn/modules/padding.meta.json, JSON, 0, 0, 0, 1, 0, 0, 1
/home/julius/projects/curious/.mypy_cache/3.7/torch/nn/modules/pixelshuffle.data.json, JSON, 0, 0, 0, 1, 0, 0, 1
/home/julius/projects/curious/.mypy_cache/3.7/torch/nn/modules/pixelshuffle.meta.json, JSON, 0, 0, 0, 1, 0, 0, 1
/home/julius/projects/curious/.mypy_cache/3.7/torch/nn/modules/pooling.data.json, JSON, 0, 0, 0, 1, 0, 0, 1
/home/julius/projects/curious/.mypy_cache/3.7/torch/nn/modules/pooling.meta.json, JSON, 0, 0, 0, 1, 0, 0, 1
/home/julius/projects/curious/.mypy_cache/3.7/torch/nn/modules/rnn.data.json, JSON, 0, 0, 0, 1, 0, 0, 1
/home/julius/projects/curious/.mypy_cache/3.7/torch/nn/modules/rnn.meta.json, JSON, 0, 0, 0, 1, 0, 0, 1
/home/julius/projects/curious/.mypy_cache/3.7/torch/nn/modules/sparse.data.json, JSON, 0, 0, 0, 1, 0, 0, 1
/home/julius/projects/curious/.mypy_cache/3.7/torch/nn/modules/sparse.meta.json, JSON, 0, 0, 0, 1, 0, 0, 1
/home/julius/projects/curious/.mypy_cache/3.7/torch/nn/modules/upsampling.data.json, JSON, 0, 0, 0, 1, 0, 0, 1
/home/julius/projects/curious/.mypy_cache/3.7/torch/nn/modules/upsampling.meta.json, JSON, 0, 0, 0, 1, 0, 0, 1
/home/julius/projects/curious/.mypy_cache/3.7/torch/nn/parallel/__init__.data.json, JSON, 0, 0, 0, 1, 0, 0, 1
/home/julius/projects/curious/.mypy_cache/3.7/torch/nn/parallel/__init__.meta.json, JSON, 0, 0, 0, 1, 0, 0, 1
/home/julius/projects/curious/.mypy_cache/3.7/torch/nn/parallel/common_types.data.json, JSON, 0, 0, 0, 1, 0, 0, 1
/home/julius/projects/curious/.mypy_cache/3.7/torch/nn/parallel/common_types.meta.json, JSON, 0, 0, 0, 1, 0, 0, 1
/home/julius/projects/curious/.mypy_cache/3.7/torch/nn/parallel/data_parallel.data.json, JSON, 0, 0, 0, 1, 0, 0, 1
/home/julius/projects/curious/.mypy_cache/3.7/torch/nn/parallel/data_parallel.meta.json, JSON, 0, 0, 0, 1, 0, 0, 1
/home/julius/projects/curious/.mypy_cache/3.7/torch/nn/parallel/distributed.data.json, JSON, 0, 0, 0, 1, 0, 0, 1
/home/julius/projects/curious/.mypy_cache/3.7/torch/nn/parallel/distributed.meta.json, JSON, 0, 0, 0, 1, 0, 0, 1
/home/julius/projects/curious/.mypy_cache/3.7/torch/nn/parallel/parallel_apply.data.json, JSON, 0, 0, 0, 1, 0, 0, 1
/home/julius/projects/curious/.mypy_cache/3.7/torch/nn/parallel/parallel_apply.meta.json, JSON, 0, 0, 0, 1, 0, 0, 1
/home/julius/projects/curious/.mypy_cache/3.7/torch/nn/parallel/replicate.data.json, JSON, 0, 0, 0, 1, 0, 0, 1
/home/julius/projects/curious/.mypy_cache/3.7/torch/nn/parallel/replicate.meta.json, JSON, 0, 0, 0, 1, 0, 0, 1
/home/julius/projects/curious/.mypy_cache/3.7/torch/nn/parallel/scatter_gather.data.json, JSON, 0, 0, 0, 1, 0, 0, 1
/home/julius/projects/curious/.mypy_cache/3.7/torch/nn/parallel/scatter_gather.meta.json, JSON, 0, 0, 0, 1, 0, 0, 1
/home/julius/projects/curious/.mypy_cache/3.7/torch/nn/parameter.data.json, JSON, 0, 0, 0, 1, 0, 0, 1
/home/julius/projects/curious/.mypy_cache/3.7/torch/nn/parameter.meta.json, JSON, 0, 0, 0, 1, 0, 0, 1
/home/julius/projects/curious/.mypy_cache/3.7/torch/nn/utils/__init__.data.json, JSON, 0, 0, 0, 1, 0, 0, 1
/home/julius/projects/curious/.mypy_cache/3.7/torch/nn/utils/__init__.meta.json, JSON, 0, 0, 0, 1, 0, 0, 1
/home/julius/projects/curious/.mypy_cache/3.7/torch/nn/utils/clip_grad.data.json, JSON, 0, 0, 0, 1, 0, 0, 1
/home/julius/projects/curious/.mypy_cache/3.7/torch/nn/utils/clip_grad.meta.json, JSON, 0, 0, 0, 1, 0, 0, 1
/home/julius/projects/curious/.mypy_cache/3.7/torch/nn/utils/convert_parameters.data.json, JSON, 0, 0, 0, 1, 0, 0, 1
/home/julius/projects/curious/.mypy_cache/3.7/torch/nn/utils/convert_parameters.meta.json, JSON, 0, 0, 0, 1, 0, 0, 1
/home/julius/projects/curious/.mypy_cache/3.7/torch/nn/utils/fusion.data.json, JSON, 0, 0, 0, 1, 0, 0, 1
/home/julius/projects/curious/.mypy_cache/3.7/torch/nn/utils/fusion.meta.json, JSON, 0, 0, 0, 1, 0, 0, 1
/home/julius/projects/curious/.mypy_cache/3.7/torch/nn/utils/rnn.data.json, JSON, 0, 0, 0, 1, 0, 0, 1
/home/julius/projects/curious/.mypy_cache/3.7/torch/nn/utils/rnn.meta.json, JSON, 0, 0, 0, 1, 0, 0, 1
/home/julius/projects/curious/.mypy_cache/3.7/torch/nn/utils/spectral_norm.data.json, JSON, 0, 0, 0, 1, 0, 0, 1
/home/julius/projects/curious/.mypy_cache/3.7/torch/nn/utils/spectral_norm.meta.json, JSON, 0, 0, 0, 1, 0, 0, 1
/home/julius/projects/curious/.mypy_cache/3.7/torch/nn/utils/weight_norm.data.json, JSON, 0, 0, 0, 1, 0, 0, 1
/home/julius/projects/curious/.mypy_cache/3.7/torch/nn/utils/weight_norm.meta.json, JSON, 0, 0, 0, 1, 0, 0, 1
/home/julius/projects/curious/.mypy_cache/3.7/torch/optim/__init__.data.json, JSON, 0, 0, 0, 1, 0, 0, 1
/home/julius/projects/curious/.mypy_cache/3.7/torch/optim/__init__.meta.json, JSON, 0, 0, 0, 1, 0, 0, 1
/home/julius/projects/curious/.mypy_cache/3.7/torch/optim/adam.data.json, JSON, 0, 0, 0, 1, 0, 0, 1
/home/julius/projects/curious/.mypy_cache/3.7/torch/optim/adam.meta.json, JSON, 0, 0, 0, 1, 0, 0, 1
/home/julius/projects/curious/.mypy_cache/3.7/torch/optim/lr_scheduler.data.json, JSON, 0, 0, 0, 1, 0, 0, 1
/home/julius/projects/curious/.mypy_cache/3.7/torch/optim/lr_scheduler.meta.json, JSON, 0, 0, 0, 1, 0, 0, 1
/home/julius/projects/curious/.mypy_cache/3.7/torch/optim/optimizer.data.json, JSON, 0, 0, 0, 1, 0, 0, 1
/home/julius/projects/curious/.mypy_cache/3.7/torch/optim/optimizer.meta.json, JSON, 0, 0, 0, 1, 0, 0, 1
/home/julius/projects/curious/.mypy_cache/3.7/torch/optim/sgd.data.json, JSON, 0, 0, 0, 1, 0, 0, 1
/home/julius/projects/curious/.mypy_cache/3.7/torch/optim/sgd.meta.json, JSON, 0, 0, 0, 1, 0, 0, 1
/home/julius/projects/curious/.mypy_cache/3.7/torch/random.data.json, JSON, 0, 0, 0, 1, 0, 0, 1
/home/julius/projects/curious/.mypy_cache/3.7/torch/random.meta.json, JSON, 0, 0, 0, 1, 0, 0, 1
/home/julius/projects/curious/.mypy_cache/3.7/torch/serialization.data.json, JSON, 0, 0, 0, 1, 0, 0, 1
/home/julius/projects/curious/.mypy_cache/3.7/torch/serialization.meta.json, JSON, 0, 0, 0, 1, 0, 0, 1
/home/julius/projects/curious/.mypy_cache/3.7/torch/utils/__init__.data.json, JSON, 0, 0, 0, 1, 0, 0, 1
/home/julius/projects/curious/.mypy_cache/3.7/torch/utils/__init__.meta.json, JSON, 0, 0, 0, 1, 0, 0, 1
/home/julius/projects/curious/.mypy_cache/3.7/torch/utils/hooks.data.json, JSON, 0, 0, 0, 1, 0, 0, 1
/home/julius/projects/curious/.mypy_cache/3.7/torch/utils/hooks.meta.json, JSON, 0, 0, 0, 1, 0, 0, 1
/home/julius/projects/curious/.mypy_cache/3.7/torch/utils/tensorboard/__init__.data.json, JSON, 0, 0, 0, 1, 0, 0, 1
/home/julius/projects/curious/.mypy_cache/3.7/torch/utils/tensorboard/__init__.meta.json, JSON, 0, 0, 0, 1, 0, 0, 1
/home/julius/projects/curious/.mypy_cache/3.7/torch/utils/tensorboard/_caffe2_graph.data.json, JSON, 0, 0, 0, 1, 0, 0, 1
/home/julius/projects/curious/.mypy_cache/3.7/torch/utils/tensorboard/_caffe2_graph.meta.json, JSON, 0, 0, 0, 1, 0, 0, 1
/home/julius/projects/curious/.mypy_cache/3.7/torch/utils/tensorboard/_convert_np.data.json, JSON, 0, 0, 0, 1, 0, 0, 1
/home/julius/projects/curious/.mypy_cache/3.7/torch/utils/tensorboard/_convert_np.meta.json, JSON, 0, 0, 0, 1, 0, 0, 1
/home/julius/projects/curious/.mypy_cache/3.7/torch/utils/tensorboard/_embedding.data.json, JSON, 0, 0, 0, 1, 0, 0, 1
/home/julius/projects/curious/.mypy_cache/3.7/torch/utils/tensorboard/_embedding.meta.json, JSON, 0, 0, 0, 1, 0, 0, 1
/home/julius/projects/curious/.mypy_cache/3.7/torch/utils/tensorboard/_onnx_graph.data.json, JSON, 0, 0, 0, 1, 0, 0, 1
/home/julius/projects/curious/.mypy_cache/3.7/torch/utils/tensorboard/_onnx_graph.meta.json, JSON, 0, 0, 0, 1, 0, 0, 1
/home/julius/projects/curious/.mypy_cache/3.7/torch/utils/tensorboard/_proto_graph.data.json, JSON, 0, 0, 0, 1, 0, 0, 1
/home/julius/projects/curious/.mypy_cache/3.7/torch/utils/tensorboard/_proto_graph.meta.json, JSON, 0, 0, 0, 1, 0, 0, 1
/home/julius/projects/curious/.mypy_cache/3.7/torch/utils/tensorboard/_pytorch_graph.data.json, JSON, 0, 0, 0, 1, 0, 0, 1
/home/julius/projects/curious/.mypy_cache/3.7/torch/utils/tensorboard/_pytorch_graph.meta.json, JSON, 0, 0, 0, 1, 0, 0, 1
/home/julius/projects/curious/.mypy_cache/3.7/torch/utils/tensorboard/_utils.data.json, JSON, 0, 0, 0, 1, 0, 0, 1
/home/julius/projects/curious/.mypy_cache/3.7/torch/utils/tensorboard/_utils.meta.json, JSON, 0, 0, 0, 1, 0, 0, 1
/home/julius/projects/curious/.mypy_cache/3.7/torch/utils/tensorboard/summary.data.json, JSON, 0, 0, 0, 1, 0, 0, 1
/home/julius/projects/curious/.mypy_cache/3.7/torch/utils/tensorboard/summary.meta.json, JSON, 0, 0, 0, 1, 0, 0, 1
/home/julius/projects/curious/.mypy_cache/3.7/torch/utils/tensorboard/writer.data.json, JSON, 0, 0, 0, 1, 0, 0, 1
/home/julius/projects/curious/.mypy_cache/3.7/torch/utils/tensorboard/writer.meta.json, JSON, 0, 0, 0, 1, 0, 0, 1
/home/julius/projects/curious/.mypy_cache/3.7/torch/utils/throughput_benchmark.data.json, JSON, 0, 0, 0, 1, 0, 0, 1
/home/julius/projects/curious/.mypy_cache/3.7/torch/utils/throughput_benchmark.meta.json, JSON, 0, 0, 0, 1, 0, 0, 1
/home/julius/projects/curious/.mypy_cache/3.7/traceback.data.json, JSON, 0, 0, 0, 1, 0, 0, 1
/home/julius/projects/curious/.mypy_cache/3.7/traceback.meta.json, JSON, 0, 0, 0, 1, 0, 0, 1
/home/julius/projects/curious/.mypy_cache/3.7/types.data.json, JSON, 0, 0, 0, 1, 0, 0, 1
/home/julius/projects/curious/.mypy_cache/3.7/types.meta.json, JSON, 0, 0, 0, 1, 0, 0, 1
/home/julius/projects/curious/.mypy_cache/3.7/typing.data.json, JSON, 0, 0, 0, 1, 0, 0, 1
/home/julius/projects/curious/.mypy_cache/3.7/typing.meta.json, JSON, 0, 0, 0, 1, 0, 0, 1
/home/julius/projects/curious/.mypy_cache/3.7/typing_extensions.data.json, JSON, 0, 0, 0, 1, 0, 0, 1
/home/julius/projects/curious/.mypy_cache/3.7/typing_extensions.meta.json, JSON, 0, 0, 0, 1, 0, 0, 1
/home/julius/projects/curious/.mypy_cache/3.7/unittest/__init__.data.json, JSON, 0, 0, 0, 1, 0, 0, 1
/home/julius/projects/curious/.mypy_cache/3.7/unittest/__init__.meta.json, JSON, 0, 0, 0, 1, 0, 0, 1
/home/julius/projects/curious/.mypy_cache/3.7/unittest/async_case.data.json, JSON, 0, 0, 0, 1, 0, 0, 1
/home/julius/projects/curious/.mypy_cache/3.7/unittest/async_case.meta.json, JSON, 0, 0, 0, 1, 0, 0, 1
/home/julius/projects/curious/.mypy_cache/3.7/unittest/case.data.json, JSON, 0, 0, 0, 1, 0, 0, 1
/home/julius/projects/curious/.mypy_cache/3.7/unittest/case.meta.json, JSON, 0, 0, 0, 1, 0, 0, 1
/home/julius/projects/curious/.mypy_cache/3.7/unittest/loader.data.json, JSON, 0, 0, 0, 1, 0, 0, 1
/home/julius/projects/curious/.mypy_cache/3.7/unittest/loader.meta.json, JSON, 0, 0, 0, 1, 0, 0, 1
/home/julius/projects/curious/.mypy_cache/3.7/unittest/result.data.json, JSON, 0, 0, 0, 1, 0, 0, 1
/home/julius/projects/curious/.mypy_cache/3.7/unittest/result.meta.json, JSON, 0, 0, 0, 1, 0, 0, 1
/home/julius/projects/curious/.mypy_cache/3.7/unittest/runner.data.json, JSON, 0, 0, 0, 1, 0, 0, 1
/home/julius/projects/curious/.mypy_cache/3.7/unittest/runner.meta.json, JSON, 0, 0, 0, 1, 0, 0, 1
/home/julius/projects/curious/.mypy_cache/3.7/unittest/signals.data.json, JSON, 0, 0, 0, 1, 0, 0, 1
/home/julius/projects/curious/.mypy_cache/3.7/unittest/signals.meta.json, JSON, 0, 0, 0, 1, 0, 0, 1
/home/julius/projects/curious/.mypy_cache/3.7/unittest/suite.data.json, JSON, 0, 0, 0, 1, 0, 0, 1
/home/julius/projects/curious/.mypy_cache/3.7/unittest/suite.meta.json, JSON, 0, 0, 0, 1, 0, 0, 1
/home/julius/projects/curious/.mypy_cache/3.7/urllib/__init__.data.json, JSON, 0, 0, 0, 1, 0, 0, 1
/home/julius/projects/curious/.mypy_cache/3.7/urllib/__init__.meta.json, JSON, 0, 0, 0, 1, 0, 0, 1
/home/julius/projects/curious/.mypy_cache/3.7/urllib/error.data.json, JSON, 0, 0, 0, 1, 0, 0, 1
/home/julius/projects/curious/.mypy_cache/3.7/urllib/error.meta.json, JSON, 0, 0, 0, 1, 0, 0, 1
/home/julius/projects/curious/.mypy_cache/3.7/urllib/parse.data.json, JSON, 0, 0, 0, 1, 0, 0, 1
/home/julius/projects/curious/.mypy_cache/3.7/urllib/parse.meta.json, JSON, 0, 0, 0, 1, 0, 0, 1
/home/julius/projects/curious/.mypy_cache/3.7/urllib/request.data.json, JSON, 0, 0, 0, 1, 0, 0, 1
/home/julius/projects/curious/.mypy_cache/3.7/urllib/request.meta.json, JSON, 0, 0, 0, 1, 0, 0, 1
/home/julius/projects/curious/.mypy_cache/3.7/urllib/response.data.json, JSON, 0, 0, 0, 1, 0, 0, 1
/home/julius/projects/curious/.mypy_cache/3.7/urllib/response.meta.json, JSON, 0, 0, 0, 1, 0, 0, 1
/home/julius/projects/curious/.mypy_cache/3.7/urllib/robotparser.data.json, JSON, 0, 0, 0, 1, 0, 0, 1
/home/julius/projects/curious/.mypy_cache/3.7/urllib/robotparser.meta.json, JSON, 0, 0, 0, 1, 0, 0, 1
/home/julius/projects/curious/.mypy_cache/3.7/utils.data.json, JSON, 0, 0, 0, 1, 0, 0, 1
/home/julius/projects/curious/.mypy_cache/3.7/utils.meta.json, JSON, 0, 0, 0, 1, 0, 0, 1
/home/julius/projects/curious/.mypy_cache/3.7/warnings.data.json, JSON, 0, 0, 0, 1, 0, 0, 1
/home/julius/projects/curious/.mypy_cache/3.7/warnings.meta.json, JSON, 0, 0, 0, 1, 0, 0, 1
/home/julius/projects/curious/.mypy_cache/3.7/wave.data.json, JSON, 0, 0, 0, 1, 0, 0, 1
/home/julius/projects/curious/.mypy_cache/3.7/wave.meta.json, JSON, 0, 0, 0, 1, 0, 0, 1
/home/julius/projects/curious/.mypy_cache/3.7/weakref.data.json, JSON, 0, 0, 0, 1, 0, 0, 1
/home/julius/projects/curious/.mypy_cache/3.7/weakref.meta.json, JSON, 0, 0, 0, 1, 0, 0, 1
/home/julius/projects/curious/__init__.py, Python, 0, 0, 0, 0, 0, 1, 1
/home/julius/projects/curious/agent.py, Python, 35, 0, 0, 0, 9, 11, 55
/home/julius/projects/curious/algo/__init__.py, Python, 0, 0, 0, 0, 0, 1, 1
/home/julius/projects/curious/algo/a2c.py, Python, 79, 0, 0, 0, 12, 19, 110
/home/julius/projects/curious/algo/agents.py, Python, 33, 0, 0, 0, 0, 8, 41
/home/julius/projects/curious/algo/mmm.py, Python, 118, 0, 0, 0, 8, 21, 147
/home/julius/projects/curious/algo/models.py, Python, 123, 0, 0, 0, 43, 35, 201
/home/julius/projects/curious/algo/ppo.py, Python, 93, 0, 0, 0, 12, 31, 136
/home/julius/projects/curious/algo/ppo_cont.py, Python, 133, 0, 0, 0, 26, 37, 196
/home/julius/projects/curious/conf.py, Python, 8, 0, 0, 0, 0, 3, 11
/home/julius/projects/curious/conf/cnf_test.yaml, YAML, 0, 0, 24, 0, 0, 4, 28
/home/julius/projects/curious/conf/cnt_col.yaml, YAML, 0, 0, 38, 0, 0, 9, 47
/home/julius/projects/curious/conf/conf.yaml, YAML, 0, 0, 26, 0, 1, 3, 30
/home/julius/projects/curious/conf/constrained.yaml, YAML, 0, 0, 14, 0, 0, 2, 16
/home/julius/projects/curious/conf/main.yaml, YAML, 0, 0, 34, 0, 0, 7, 41
/home/julius/projects/curious/count_collisions_mp.py, Python, 50, 0, 0, 0, 2, 9, 61
/home/julius/projects/curious/create_dataset.py, Python, 57, 0, 0, 0, 30, 13, 100
/home/julius/projects/curious/env/environment.py, Python, 170, 0, 0, 0, 45, 34, 249
/home/julius/projects/curious/env/wrappers.py, Python, 23, 0, 0, 0, 2, 7, 32
/home/julius/projects/curious/experiment.py, Python, 292, 0, 0, 0, 49, 95, 436
/home/julius/projects/curious/logger.py, Python, 34, 0, 0, 0, 0, 7, 41
/home/julius/projects/curious/mp.py, Python, 18, 0, 0, 0, 0, 6, 24
/home/julius/projects/curious/observation.py, Python, 89, 0, 0, 0, 20, 20, 129
/home/julius/projects/curious/plots.ipynb, Jupyter, 0, 368, 0, 0, 0, 0, 368
/home/julius/projects/curious/test.py, Python, 5, 0, 0, 0, 0, 2, 7
/home/julius/projects/curious/test/main.py, Python, 100, 0, 0, 0, 11, 19, 130
/home/julius/projects/curious/test/sphere.py, Python, 57, 0, 0, 0, 1, 19, 77
/home/julius/projects/curious/test/test_a2c.py, Python, 48, 0, 0, 0, 6, 8, 62
/home/julius/projects/curious/test/test_critic.py, Python, 84, 0, 0, 0, 19, 23, 126
/home/julius/projects/curious/test/test_ppo.py, Python, 47, 0, 0, 0, 6, 8, 61
/home/julius/projects/curious/test/test_rlbench.py, Python, 53, 0, 0, 0, 18, 17, 88
/home/julius/projects/curious/test/vis_im.py, Python, 62, 0, 0, 0, 19, 6, 87
/home/julius/projects/curious/test_actor.py, Python, 8, 0, 0, 0, 2, 2, 12
/home/julius/projects/curious/utils.py, Python, 352, 0, 0, 0, 15, 83, 450
Total, -, 2171, 368, 136, 531, 356, 570, 4132